{
    "XGBoost": 0.9893590688287969,
    "LightGBM": 0.989439499887821,
    "CatBoost": 0.9873325871271049
}